ref_area.label,indicator.label,source.label,sex.label,classif1.label,classif2.label,time,obs_value,note_classif.label,note_indicator.label,note_source.label
Afghanistan,Mean nominal monthly earnings of employees by sex and economic activity,LFS - Labour Force Survey,Sex: Total,Economic activity (Aggregate): Total,Currency: U.S. dollars,2020,172,,Currency: AFG - Afghani (AFN),Repository: ILO-STATISTICS - Micro data processing
Albania,Mean nominal monthly earnings of employees by sex and economic activity,ADM-IR - General Directorate of Taxation,Sex: Total,Economic activity (Aggregate): Total,Currency: U.S. dollars,2020,493.9,,Currency: ALB - Lek (ALL) | Working time arrangement coverage: Full-time and part time workers,Reference group coverage: Insured persons
Argentina,Mean nominal monthly earnings of employees by sex and economic activity,LFS - Encuesta Permanente de Hogares (Urbano),Sex: Total,Economic activity (Aggregate): Total,Currency: U.S. dollars,2020,514.35,,Currency: ARG - Argentine peso (ARS),Repository: ILO-STATISTICS - Micro data processing | Geographical coverage: Main cities or metropolitan areas
Armenia,Mean nominal monthly earnings of employees by sex and economic activity,LFS - Household Labour Force Survey,Sex: Total,Economic activity (Aggregate): Total,Currency: U.S. dollars,2020,238.32,,Currency: ARM - Dram (AMD),Repository: ILO-STATISTICS - Micro data processing | Employment definition: Excluding own-use production workers | Age coverage - maximum age: 75 years old
Australia,Mean nominal monthly earnings of employees by sex and economic activity,ES - Survey of Employee Earnings,Sex: Total,Economic activity (Aggregate): Total,Currency: U.S. dollars,2018,4467.33,,Currency: AUS - Australian dollar (AUD) | Job coverage: Main job currently held | Working time arrangement coverage: Full-time workers | ILO calculation: Monthly figure calculated as the hourly figure multiplied by the actual average working hours per week and then by 4.33 weeks,Data reference period: May | Reference group coverage: Adults
Austria,Mean nominal monthly earnings of employees by sex and economic activity,ADM - General Income Report,Sex: Total,Economic activity (Aggregate): Total,Currency: U.S. dollars,2019,3187.14,,Currency: AUT - Euro (EUR) | Working time arrangement coverage: Full-time and part time workers,
Azerbaijan,Mean nominal monthly earnings of employees by sex and economic activity,ES - Labour-related Establishment Survey,Sex: Total,Economic activity (Aggregate): Total,Currency: U.S. dollars,2020,416.06,,Currency: AZE - Azerbaijani manat (AZN) | Working time arrangement coverage: Full-time and part time workers,Data reference period: End of the year
Belgium,Mean nominal monthly earnings of employees by sex and economic activity,ES - Structure of Earnings Survey,Sex: Total,Economic activity (Aggregate): Total,Currency: U.S. dollars,2018,3793.23,,Currency: BEL - Euro (EUR) | Central tendency measure: Weighted mean | Working time arrangement coverage: Full-time and part time workers | Working time concept: Hours actually worked,Data reference period: October | Economic activity coverage: Excluding agriculture and non-market services | Establishment size coverage: All establishments with at least 10 employees
Burkina Faso,Mean nominal monthly earnings of employees by sex and economic activity,LFS - Enquête Régionale Intégrée sur l'Emploi et le Secteur Informel,Sex: Total,Economic activity (Aggregate): Total,Currency: U.S. dollars,2018,192.68,,Currency: BFA - West African CFA franc (XOF),Repository: ILO-STATISTICS - Micro data processing | Age coverage - minimum age: 10 years old | Age coverage - maximum age: 75 years old
Bulgaria,Mean nominal monthly earnings of employees by sex and economic activity,"ES - Annual Enterprises Survey on Number of employees, Wages and salaries and Other labour costs",Sex: Total,Economic activity (Aggregate): Total,Currency: U.S. dollars,2018,691.59,,Currency: BGR - Lev (BGN) | Job coverage: Main job currently held | Working time arrangement coverage: Full-time equivalents,Economic activity coverage: Excluding activities of households as employers and of extraterritorial organizations and bodies
Bosnia and Herzegovina,Mean nominal monthly earnings of employees by sex and economic activity,LFS - Labour Force Survey,Sex: Total,Economic activity (Aggregate): Total,Currency: U.S. dollars,2020,719.52,,Currency: BIH - Marka (BAM) | Break in series: Methodology revised,Repository: ILO-STATISTICS - Micro data processing
Belarus,Mean nominal monthly earnings of employees by sex and economic activity,ES - Labour-related Establishment Survey,Sex: Total,Economic activity (Aggregate): Total,Currency: U.S. dollars,2019,578.88,,Currency: BLR - Belarusian ruble (BYN) | Working time arrangement coverage: Full-time and part time workers,Data reference period: End of the year | Establishment size coverage: All establishments with at least 16 employees
Belize,Mean nominal monthly earnings of employees by sex and economic activity,LFS - Labour Force Survey,Sex: Total,Economic activity (Aggregate): Total,Currency: U.S. dollars,2020,510,,Currency: BLZ - Belize dollar (BZD) | Central tendency measure: Median | Job coverage: Main job currently held | Working time arrangement coverage: Full-time and part time workers,Employment definition: Excluding own-use production workers | Data reference period: September | Population coverage: Excluding institutional population
Bolivia,Mean nominal monthly earnings of employees by sex and economic activity,HIES - Encuesta de Hogares,Sex: Total,Economic activity (Aggregate): Total,Currency: U.S. dollars,2020,483.22,,Currency: BOL - Bolivian (BOB),Repository: ILO-STATISTICS - Micro data processing
Brazil,Mean nominal monthly earnings of employees by sex and economic activity,HS - Pesquisa Nacional por Amostra de Domicílios Contínua,Sex: Total,Economic activity (Aggregate): Total,Currency: U.S. dollars,2020,493,,Currency: BRA - Real (BRL),Repository: ILO-STATISTICS - Micro data processing
Bhutan,Mean nominal monthly earnings of employees by sex and economic activity,LFS - Labour Force Survey Report,Sex: Total,Economic activity (Aggregate): Total,Currency: U.S. dollars,2020,241.72,,Currency: BTN - Ngultrum (BTN) | Central tendency measure: Weighted mean | Working time arrangement coverage: Full-time and part time workers,"Employment definition: Excluding own-use production workers | Data reference period: November | Geographical coverage: Total national, excluding overseas territories"
Botswana,Mean nominal monthly earnings of employees by sex and economic activity,HS - Multi-Topic Household Survey,Sex: Total,Economic activity (Aggregate): Total,Currency: U.S. dollars,2020,457.51,,Currency: BWA - Pula (BWP),Repository: ILO-STATISTICS - Micro data processing | Employment definition: Excluding own-use production workers
Chile,Mean nominal monthly earnings of employees by sex and economic activity,ES - Índice de Remuneraciones y Costo de la Mano de Obra,Sex: Total,Economic activity (Aggregate): Total,Currency: U.S. dollars,2019,1151.5,,Currency: CHL - Chilean peso (CLP) | Central tendency measure: Weighted mean | Job coverage: Main job currently held | Working time arrangement coverage: Full-time and part time workers | ILO calculation: Monthly figure calculated as the hourly figure multiplied by the actual average working hours per week and then by 4.33 weeks,"Economic activity coverage: Excluding agriculture, hunting, forestry and fishing | Establishment size coverage: All establishments with at least 5 employees"
Colombia,Mean nominal monthly earnings of employees by sex and economic activity,LFS - Gran Encuesta Integrada de Hogares,Sex: Total,Economic activity (Aggregate): Total,Currency: U.S. dollars,2019,398.07,,Currency: COL - Colombian peso (COP),Repository: ILO-STATISTICS - Micro data processing
Costa Rica,Mean nominal monthly earnings of employees by sex and economic activity,LFS - Encuesta Continua de Empleo,Sex: Total,Economic activity (Aggregate): Total,Currency: U.S. dollars,2020,906.48,,Currency: CRI - Colon (CRC) | Job coverage: Main job currently held | Working time arrangement coverage: Full-time and part time workers,Employment definition: Excluding own-use production workers
Curaçao,Mean nominal monthly earnings of employees by sex and economic activity,LFS - Labour Force Survey,Sex: Total,Economic activity (Aggregate): Total,Currency: U.S. dollars,2018,1494.46,,Currency: CUW - Netherlands Antillean Guilder (ANG) | Central tendency measure: Weighted mean | Value type: Real values | Accounting concept: Net | Working time arrangement coverage: Full-time and part time workers,Employment definition: Including subsistence workers | Data reference period: Fourth quarter
Cyprus,Mean nominal monthly earnings of employees by sex and economic activity,ADM-IR - Ministry of Labour and Social Insurance Records,Sex: Total,Economic activity (Aggregate): Total,Currency: U.S. dollars,2019,2215.44,,Currency: CYP - Euro (EUR) | Job coverage: Main job currently held | Working time arrangement coverage: Full-time and part time workers,Economic activity coverage: Excluding activities of households as employers and of extraterritorial organizations and bodies | Reference group coverage: Insured persons
Czechia,Mean nominal monthly earnings of employees by sex and economic activity,ES - Structure of Earnings Survey,Sex: Total,Economic activity (Aggregate): Total,Currency: U.S. dollars,2020,1659.91,,Currency: CZE - Koruna (CZK) | Working time arrangement coverage: Full-time and part time workers,
Germany,Mean nominal monthly earnings of employees by sex and economic activity,HIES - Quarterly Earnings Survey,Sex: Total,Economic activity (Aggregate): Total,Currency: U.S. dollars,2020,4993.68,,Currency: DEU - Euro (EUR) | Working time arrangement coverage: Full-time workers,Employment definition: Excluding own-use production workers | Population coverage: Excluding both institutional population and armed forces and/or conscripts | Institutional sector coverage: Excluding private sector | Economic activity coverage: Excluding activities of households as employers and of extraterritorial organizations and bodies | Establishment size coverage: All establishments with at least 10 employees
Denmark,Mean nominal monthly earnings of employees by sex and economic activity,ES - Structure of Earnings Survey,Sex: Total,Economic activity (Aggregate): Total,Currency: U.S. dollars,2018,5279.18,,Currency: DNK - Danish krone (DKK),"Repository: Eurostat | Economic activity coverage: Excluding agriculture, public administration, and activities of households as employers and of extraterritorial organisations and bodies | Establishment size coverage: All establishments with at least 10 employees"
Dominican Republic,Mean nominal monthly earnings of employees by sex and economic activity,LFS - Encuesta Nacional Continua de Fuerza de Trabajo,Sex: Total,Economic activity (Aggregate): Total,Currency: U.S. dollars,2020,235.62,,Currency: DOM - Dominican peso (DOP) | Break in series: Methodology revised,Repository: ILO-STATISTICS - Micro data processing | Employment definition: Excluding own-use production workers (although not measured separately)
Ecuador,Mean nominal monthly earnings of employees by sex and economic activity,"LFS - Encuesta Nacional de Empleo, Desempleo y SubEmpleo",Sex: Total,Economic activity (Aggregate): Total,Currency: U.S. dollars,2020,472.23,,Currency: ECU - United States dollar (USD) | Break in series: Methodology revised,Repository: ILO-STATISTICS - Micro data processing
Egypt,Mean nominal monthly earnings of employees by sex and economic activity,LFS - Labour Force Sample Survey,Sex: Total,Economic activity (Aggregate): Total,Currency: U.S. dollars,2020,189.85,,Currency: EGY - Egyptian pound (EGP),Repository: ILO-STATISTICS - Micro data processing | Employment definition: Excluding own-use production workers
Spain,Mean nominal monthly earnings of employees by sex and economic activity,ES - Encuesta Anual de Estructura Salarial,Sex: Total,Economic activity (Aggregate): Total,Currency: U.S. dollars,2018,2363.09,,Currency: ESP - Euro (EUR) | Job coverage: Main job currently held | Working time arrangement coverage: Full-time and part time workers,"Economic activity coverage: Excluding agriculture, public administration, and activities of households as employers and of extraterritorial organisations and bodies"
Estonia,Mean nominal monthly earnings of employees by sex and economic activity,ES - Survey of Wages and Salaries,Sex: Total,Economic activity (Aggregate): Total,Currency: U.S. dollars,2020,1653.9,,Currency: EST - Euro (EUR) | Working time arrangement coverage: Full-time and part time workers,
Finland,Mean nominal monthly earnings of employees by sex and economic activity,ES - Structure of Earnings Survey,Sex: Total,Economic activity (Aggregate): Total,Currency: U.S. dollars,2020,3644.75,,Currency: FIN - Euro (EUR) | Job coverage: Main job currently held | Working time arrangement coverage: Full-time and part time workers,Data reference period: Fourth quarter | Economic activity coverage: Excluding agriculture | Establishment size coverage: All establishments with at least 5 employees
France,Mean nominal monthly earnings of employees by sex and economic activity,ADM - Déclaration Annuelle de Données Sociales,Sex: Total,Economic activity (Aggregate): Total,Currency: U.S. dollars,2019,3563.29,,Currency: FRA - Euro (EUR) | Working time arrangement coverage: Full-time workers,
United Kingdom,Mean nominal monthly earnings of employees by sex and economic activity,ES - Annual Survey of Hours and Earnings,Sex: Total,Economic activity (Aggregate): Total,Currency: U.S. dollars,2020,3142.31,,Currency: GBR - British pound (GBP) | Working time arrangement coverage: Full-time and part time workers,Data reference period: April
Georgia,Mean nominal monthly earnings of employees by sex and economic activity,ES - Wage Survey,Sex: Total,Economic activity (Aggregate): Total,Currency: U.S. dollars,2019,400.8,,Currency: GEO - Lari (GEL) | Working time arrangement coverage: Full-time equivalents,"Employment definition: Including subsistence workers | Geographical coverage: Total national, excluding some areas | Economic activity coverage: Excluding activities of households as employers and of extraterritorial organizations and bodies"
Gambia,Mean nominal monthly earnings of employees by sex and economic activity,LFS - Labour Force Survey,Sex: Total,Economic activity (Aggregate): Total,Currency: U.S. dollars,2018,82.83,,Currency: GMB - Dalasi (GMD) | Break in series: Methodology revised,Repository: ILO-STATISTICS - Micro data processing | Employment definition: Excluding own-use production workers
Guinea-Bissau,Mean nominal monthly earnings of employees by sex and economic activity,HIES - Enquête harmonisée sur les conditions de vie des ménages,Sex: Total,Economic activity (Aggregate): Total,Currency: U.S. dollars,2018,162.73,,Currency: GNB - West African CFA franc (XOF),Repository: ILO-STATISTICS - Micro data processing
Greece,Mean nominal monthly earnings of employees by sex and economic activity,LFS - Labour Force Survey,Sex: Total,Economic activity (Aggregate): Total,Currency: U.S. dollars,2020,1020.78,,Currency: GRC - Euro (EUR) | Accounting concept: Net | Job coverage: Main job currently held | Working time arrangement coverage: Full-time and part time workers,Employment definition: Excluding own-use production workers | Population coverage: Excluding both institutional population and armed forces and/or conscripts
Guatemala,Mean nominal monthly earnings of employees by sex and economic activity,LFS - Encuesta Nacional de Empleo e Ingresos,Sex: Total,Economic activity (Aggregate): Total,Currency: U.S. dollars,2019,357.39,,Currency: GTM - Quetzal (GTQ),Repository: ILO-STATISTICS - Micro data processing
Guyana,Mean nominal monthly earnings of employees by sex and economic activity,LFS - Labour Force Survey,Sex: Total,Economic activity (Aggregate): Total,Currency: U.S. dollars,2019,403.81,,Currency: GUY - Guyanese dollar (GYD),Repository: ILO-STATISTICS - Micro data processing | Data reference period: Third quarter
Honduras,Mean nominal monthly earnings of employees by sex and economic activity,HS - Encuesta Permanente de Hogares de Propósitos Múltiples,Sex: Total,Economic activity (Aggregate): Total,Currency: U.S. dollars,2020,337.5,,Currency: HND - Lempira (HNL) | Break in series: Methodology revised,Repository: ILO-STATISTICS - Micro data processing | Employment definition: Excluding own-use production workers (although not measured separately) | Data reference period: Second quarter
Croatia,Mean nominal monthly earnings of employees by sex and economic activity,ES - Annual Survey on persons in paid employment and gross and net Earnings,Sex: Total,Economic activity (Aggregate): Total,Currency: U.S. dollars,2018,1393.37,,Currency: HRV - Kuna (HRK),"Repository: Eurostat | Data reference period: October | Economic activity coverage: Excluding agriculture, public administration, and activities of households as employers and of extraterritorial organisations and bodies | Establishment size coverage: All establishments with at least 10 employees"
Hungary,Mean nominal monthly earnings of employees by sex and economic activity,ES - Structure of Earnings Survey,Sex: Total,Economic activity (Aggregate): Total,Currency: U.S. dollars,2018,1175.85,,Currency: HUN - Forint (HUF),"Repository: Eurostat | Data reference period: May | Economic activity coverage: Excluding agriculture, public administration, and activities of households as employers and of extraterritorial organisations and bodies | Establishment size coverage: All establishments with at least 10 employees"
Indonesia,Mean nominal monthly earnings of employees by sex and economic activity,LFS - National Labour Force Survey,Sex: Total,Economic activity (Aggregate): Total,Currency: U.S. dollars,2020,175.84,,Currency: IDN - Indonesian rupiah (IDR),Repository: ILO-STATISTICS - Micro data processing
India,Mean nominal monthly earnings of employees by sex and economic activity,LFS - Periodic Labour Force Survey,Sex: Total,Economic activity (Aggregate): Total,Currency: U.S. dollars,2020,222.53,,Currency: IND - Indian rupee (INR),Repository: ILO-STATISTICS - Micro data processing | Data reference period: Noncalendar year
Ireland,Mean nominal monthly earnings of employees by sex and economic activity,ES - Earnings Hours and Employment Costs Survey,Sex: Total,Economic activity (Aggregate): Total,Currency: U.S. dollars,2020,4105.28,,Currency: IRL - Euro (EUR) | Working time arrangement coverage: Full-time and part time workers,Economic activity coverage: Excluding agriculture | Establishment size coverage: All establishments with at least 3 employees
Iceland,Mean nominal monthly earnings of employees by sex and economic activity,"ES - Icelandic Survey on Earnings, Wages and Labour cost",Sex: Total,Economic activity (Aggregate): Total,Currency: U.S. dollars,2019,6190.52,,Currency: ISL - Icelandic króna (ISK) | Central tendency measure: Weighted mean | Working time arrangement coverage: Full-time workers,Economic activity coverage: Excluding agriculture and activities of households as employers and of extraterritorial organisations and bodies | Establishment size coverage: All establishments with at least 10 employees
Israel,Mean nominal monthly earnings of employees by sex and economic activity,HIES - Income Survey,Sex: Total,Economic activity (Aggregate): Total,Currency: U.S. dollars,2018,2947.73,,Currency: ISR - New Shekel (ILS) | Central tendency measure: Weighted mean | Working time arrangement coverage: Full-time and part time workers,Employment definition: Including subsistence workers
Italy,Mean nominal monthly earnings of employees by sex and economic activity,ES - Labour-related Establishment Survey,Sex: Total,Economic activity (Aggregate): Total,Currency: U.S. dollars,2020,2520.83,,Currency: ITA - Euro (EUR) | Central tendency measure: Weighted mean | Working time arrangement coverage: Full-time workers,
Jordan,Mean nominal monthly earnings of employees by sex and economic activity,LFS - Employment and Unemployment Survey,Sex: Total,Economic activity (Aggregate): Total,Currency: U.S. dollars,2020,456.84,,Currency: JOR - Jordanian dinar (JOD),Repository: ILO-STATISTICS - Micro data processing | Employment definition: Excluding own-use production workers
Japan,Mean nominal monthly earnings of employees by sex and economic activity,ES - Basic Survey on Wage Structure,Sex: Total,Economic activity (Aggregate): Total,Currency: U.S. dollars,2020,2881.77,,Currency: JPN - Yen (JPY) | Central tendency measure: Weighted mean | Working time arrangement coverage: Full-time workers,"Data reference period: June | Geographical coverage: Total national, excluding some areas | Establishment size coverage: All establishments with at least 5 employees"
Kazakhstan,Mean nominal monthly earnings of employees by sex and economic activity,ADM-EBR - Businesses and Organizations register,Sex: Total,Economic activity (Aggregate): Total,Currency: U.S. dollars,2020,515.8,,Currency: KAZ - Tenge (KZT) | Working time arrangement coverage: Full-time and part time workers,Institutional sector coverage: Public sector only | Reference group coverage: Wage earners / blue collar / production workers
Kenya,Mean nominal monthly earnings of employees by sex and economic activity,HIES - Household Budget Survey,Sex: Total,Economic activity (Aggregate): Total,Currency: U.S. dollars,2019,136.61,,Currency: KEN - Kenyan shilling (KES),Repository: ILO-STATISTICS - Micro data processing
Kyrgyzstan,Mean nominal monthly earnings of employees by sex and economic activity,LFS - Employment and Unemployment Survey,Sex: Total,Economic activity (Aggregate): Total,Currency: U.S. dollars,2020,222.35,,Currency: KGZ - Kyrgyzstani som (KGS) | Working time arrangement coverage: Full-time and part time workers,Employment definition: Including subsistence workers
Cambodia,Mean nominal monthly earnings of employees by sex and economic activity,LFS - Labour Force Survey,Sex: Total,Economic activity (Aggregate): Total,Currency: U.S. dollars,2019,265.59,,Currency: KHM - Riel (KHR) | Break in series: Methodology revised,Repository: ILO-STATISTICS - Micro data processing | Employment definition: Excluding own-use production workers
Kiribati,Mean nominal monthly earnings of employees by sex and economic activity,HIES - Household Income and Expenditure Survey,Sex: Total,Economic activity (Aggregate): Total,Currency: U.S. dollars,2019,346.92,,Currency: KIR - Australian dollar (AUD),Repository: ILO-STATISTICS - Micro data processing | Employment definition: Excluding own-use production workers
"Korea, Republic of",Mean nominal monthly earnings of employees by sex and economic activity,ES - Survey on labor conditions by employment type,Sex: Total,Economic activity (Aggregate): Total,Currency: U.S. dollars,2020,3183.18,,Currency: KOR - South Korean won (KRW) | Working time arrangement coverage: Full-time and part time workers,Data reference period: June | Institutional sector coverage: Private sector only | Economic activity coverage: Excluding public administration | Establishment size coverage: All establishments with at least 5 employees
Kosovo,Mean nominal monthly earnings of employees by sex and economic activity,ADM - Payroll and Payment Records,Sex: Total,Economic activity (Aggregate): Total,Currency: U.S. dollars,2019,533.71,,Currency: KOS - Euro (EUR) | Accounting concept: Net | Working time arrangement coverage: Full-time and part time workers | Working time concept: Hours actually worked,
Lebanon,Mean nominal monthly earnings of employees by sex and economic activity,LFS - Labour Force Survey,Sex: Total,Economic activity (Aggregate): Total,Currency: U.S. dollars,2019,780.07,,Currency: LBN - Lebanese pound (LBP) | Break in series: Methodology revised,Repository: ILO-STATISTICS - Micro data processing | Employment definition: Excluding own-use production workers
Sri Lanka,Mean nominal monthly earnings of employees by sex and economic activity,LFS - Labour Force Survey,Sex: Total,Economic activity (Aggregate): Total,Currency: U.S. dollars,2019,205.05,,Currency: LKA - Sri Lankan rupee (LKR),Repository: ILO-STATISTICS - Micro data processing
Lesotho,Mean nominal monthly earnings of employees by sex and economic activity,LFS - Labour Force Survey,Sex: Total,Economic activity (Aggregate): Total,Currency: U.S. dollars,2019,231.85,,Currency: LSO - Loti (LSL),Repository: ILO-STATISTICS - Micro data processing | Employment definition: Excluding own-use production workers | Age coverage - minimum age: 10 years old | Age coverage - maximum age: 75 years old
Lithuania,Mean nominal monthly earnings of employees by sex and economic activity,OE - Annual Statistics on Earnings,Sex: Total,Economic activity (Aggregate): Total,Currency: U.S. dollars,2020,1631.74,,Currency: LTU - Euro (EUR) | Working time arrangement coverage: Full-time equivalents,Economic activity coverage: Excluding activities of households as employers and of extraterritorial organizations and bodies
Luxembourg,Mean nominal monthly earnings of employees by sex and economic activity,ADM-IR - Fichiers de l'Inspection Générale de la Sécurité Sociale,Sex: Total,Economic activity (Aggregate): Total,Currency: U.S. dollars,2020,5892.34,,Currency: LUX - Euro (EUR) | Working time arrangement coverage: Full-time workers | Working time concept: Hours actually worked | ILO calculation: Monthly figure calculated as annual figure divided by 12 months,
Latvia,Mean nominal monthly earnings of employees by sex and economic activity,"ES - Survey of economically Active commercial companies, individual merchants, peasant or fishermen farms, budgetary institutions, foundations, associations or funds, as well as Administrative data.",Sex: Total,Economic activity (Aggregate): Total,Currency: U.S. dollars,2020,1258.7,,Currency: LVA - Euro (EUR) | Working time arrangement coverage: Full-time equivalents,Data reference period: First quarter
"Macau, China",Mean nominal monthly earnings of employees by sex and economic activity,LFS - Employment Survey,Sex: Total,Economic activity (Aggregate): Total,Currency: U.S. dollars,2018,1957.26,,Currency: MAC - Pataca (MOP) | Central tendency measure: Median | Working time arrangement coverage: Full-time and part time workers,"Geographical coverage: Total national, excluding some areas | Population coverage: Excluding both institutional population and armed forces and/or conscripts"
"Moldova, Republic of",Mean nominal monthly earnings of employees by sex and economic activity,"ES - Survey on Employment, Remuneration and Hours of Work",Sex: Total,Economic activity (Aggregate): Total,Currency: U.S. dollars,2020,458.55,,Currency: MDA - Moldovan leu (MDL) | Working time arrangement coverage: Full-time and part time workers,"Geographical coverage: Total national, excluding some areas | Economic activity coverage: Excluding activities of households as employers and of extraterritorial organizations and bodies"
Maldives,Mean nominal monthly earnings of employees by sex and economic activity,HIES - Household Income and Expenditure Survey,Sex: Total,Economic activity (Aggregate): Total,Currency: U.S. dollars,2019,750.95,,Currency: MDV - Rufiyaa (MVR),Repository: ILO-STATISTICS - Micro data processing | Employment definition: Excluding own-use production workers
Mexico,Mean nominal monthly earnings of employees by sex and economic activity,LFS - Encuesta Nacional de Ocupación y Empleo,Sex: Total,Economic activity (Aggregate): Total,Currency: U.S. dollars,2020,328.27,,Currency: MEX - New Peso (MXN) | Break in series: Methodology revised,Repository: ILO-STATISTICS - Micro data processing
Marshall Islands,Mean nominal monthly earnings of employees by sex and economic activity,HIES - Household Income and Expenditure Survey,Sex: Total,Economic activity (Aggregate): Total,Currency: U.S. dollars,2019,798.26,,Currency: MHL - United States dollar (USD),Repository: ILO-STATISTICS - Micro data processing | Employment definition: Excluding own-use production workers
Mali,Mean nominal monthly earnings of employees by sex and economic activity,LFS - Enquête Emploi Permanente Auprès des Ménages (EPAM),Sex: Total,Economic activity (Aggregate): Total,Currency: U.S. dollars,2018,131.83,,Currency: MLI - West African CFA franc (XOF),Repository: ILO-STATISTICS - Micro data processing
Malta,Mean nominal monthly earnings of employees by sex and economic activity,ES - Structure of Earnings Survey,Sex: Total,Economic activity (Aggregate): Total,Currency: U.S. dollars,2018,2489.45,,Currency: MLT - Euro (EUR),"Repository: Eurostat | Data reference period: October | Economic activity coverage: Excluding agriculture, public administration, and activities of households as employers and of extraterritorial organisations and bodies | Establishment size coverage: All establishments with at least 10 employees"
Myanmar,Mean nominal monthly earnings of employees by sex and economic activity,LFS - Labour Force Survey,Sex: Total,Economic activity (Aggregate): Total,Currency: U.S. dollars,2019,138.13,,Currency: MMR - Kyat (MMK),Repository: ILO-STATISTICS - Micro data processing | Employment definition: Excluding own-use production workers
Montenegro,Mean nominal monthly earnings of employees by sex and economic activity,ES - Survey on employees and wages,Sex: Total,Economic activity (Aggregate): Total,Currency: U.S. dollars,2019,865.35,,Currency: MNE - Euro (EUR) | Working time arrangement coverage: Full-time and part time workers,
Mongolia,Mean nominal monthly earnings of employees by sex and economic activity,ADM-IR - Report of the General Authority for Social insurance,Sex: Total,Economic activity (Aggregate): Total,Currency: U.S. dollars,2020,433.87,,Currency: MNG - Tögrög (MNT) | Central tendency measure: Weighted mean | Job coverage: Main job currently held | Working time arrangement coverage: Full-time and part time workers,"Data reference period: End of the year | Geographical coverage: Total national, excluding overseas territories"
Mauritius,Mean nominal monthly earnings of employees by sex and economic activity,LFS - Continuous Multi-Purpose Household Survey,Sex: Total,Economic activity (Aggregate): Total,Currency: U.S. dollars,2020,502.29,,Currency: MUS - Mauritian rupee (MUR) | Break in series: Methodology revised,Repository: ILO-STATISTICS - Micro data processing | Age coverage - minimum age: 16 years old | Age coverage - maximum age: 64 years old
Malaysia,Mean nominal monthly earnings of employees by sex and economic activity,ES - Salaries and Wages Survey,Sex: Total,Economic activity (Aggregate): Total,Currency: U.S. dollars,2020,697.75,,Currency: MYS - Ringgit (MYR) | Job coverage: Main job currently held | Working time arrangement coverage: Full-time equivalents,Employment definition: Excluding own-use production workers
Namibia,Mean nominal monthly earnings of employees by sex and economic activity,LFS - Labour Force Survey,Sex: Total,Economic activity (Aggregate): Total,Currency: U.S. dollars,2018,546.57,,Currency: NAM - Namibian dollar (NAD),Repository: ILO-STATISTICS - Micro data processing
Netherlands,Mean nominal monthly earnings of employees by sex and economic activity,ES - Structure of Earnings Survey,Sex: Total,Economic activity (Aggregate): Total,Currency: U.S. dollars,2018,2967.74,,Currency: NLD - Euro (EUR),"Repository: Eurostat | Data reference period: October | Economic activity coverage: Excluding agriculture, public administration, and activities of households as employers and of extraterritorial organisations and bodies | Establishment size coverage: All establishments with at least 10 employees"
Norway,Mean nominal monthly earnings of employees by sex and economic activity,"ADM - A-scheme, Norwegian Labour and Welfare Administration",Sex: Total,Economic activity (Aggregate): Total,Currency: U.S. dollars,2020,5177.45,,Currency: NOR - Norwegian krone (NOK) | Working time arrangement coverage: Full-time equivalents,Data reference period: Fourth quarter
New Zealand,Mean nominal monthly earnings of employees by sex and economic activity,ADM - Linked employer-employee data,Sex: Total,Economic activity (Aggregate): Total,Currency: U.S. dollars,2019,3373.14,,Currency: NZL - New Zealand dollar (NZD) | Job coverage: Main job currently held | Working time arrangement coverage: Full-time and part time workers,"Data reference period: End of the year | Geographical coverage: Total national, excluding overseas territories"
Pakistan,Mean nominal monthly earnings of employees by sex and economic activity,LFS - Labour Force Survey,Sex: Total,Economic activity (Aggregate): Total,Currency: U.S. dollars,2019,144.45,,Currency: PAK - Pakistani rupee (PKR),Repository: ILO-STATISTICS - Micro data processing | Data reference period: Noncalendar year
Panama,Mean nominal monthly earnings of employees by sex and economic activity,LFS - Encuesta de Mercado Laboral,Sex: Total,Economic activity (Aggregate): Total,Currency: U.S. dollars,2021,929.48,,Currency: PAN - Balboa (PAB) | Break in series: Methodology revised,Repository: ILO-STATISTICS - Micro data processing | Data reference period: October
Philippines,Mean nominal monthly earnings of employees by sex and economic activity,LFS - Labour Force Survey,Sex: Total,Economic activity (Aggregate): Total,Currency: U.S. dollars,2020,308.8,,Currency: PHL - Philippine peso (PHP),Repository: ILO-STATISTICS - Micro data processing
Poland,Mean nominal monthly earnings of employees by sex and economic activity,ES - Establishment statistical Surveys,Sex: Total,Economic activity (Aggregate): Total,Currency: U.S. dollars,2020,1325.08,,Currency: POL - Zloty (PLN) | Working time arrangement coverage: Full-time and part time workers,
Portugal,Mean nominal monthly earnings of employees by sex and economic activity,LFS - Inquérito ao Emprego,Sex: Total,Economic activity (Aggregate): Total,Currency: U.S. dollars,2020,1086.23,,Currency: PRT - Euro (EUR) | Value type: Real values | Accounting concept: Net | Job coverage: Main job currently held | Working time arrangement coverage: Full-time and part time workers,Employment definition: Including subsistence workers | Population coverage: Excluding institutional population
Paraguay,Mean nominal monthly earnings of employees by sex and economic activity,HS - Encuesta Permanente de Hogares Continua,Sex: Total,Economic activity (Aggregate): Total,Currency: U.S. dollars,2020,369.98,,Currency: PRY - Guarani (PYG) | Central tendency measure: Weighted mean | Accounting concept: Net | Job coverage: Main job currently held | Working time arrangement coverage: Full-time and part time workers,"Employment definition: Excluding own-use production workers | Data reference period: Fourth quarter | Geographical coverage: Total national, excluding some areas"
Qatar,Mean nominal monthly earnings of employees by sex and economic activity,LFS - Labor Force Sample Survey,Sex: Total,Economic activity (Aggregate): Total,Currency: U.S. dollars,2020,3174.18,,Currency: QAT - Qatari riyal (QAR) | Value type: Real values | Working time arrangement coverage: Full-time and part time workers,Employment definition: Excluding own-use production workers
Romania,Mean nominal monthly earnings of employees by sex and economic activity,ES - Enquête sur le Coût de la Main-d'oeuvre,Sex: Total,Economic activity (Aggregate): Total,Currency: U.S. dollars,2020,1228.32,,Currency: ROU - Romanian leu (RON) | Central tendency measure: Weighted mean | Working time arrangement coverage: Full-time and part time workers,Economic activity coverage: Excluding activities of households as employers and of extraterritorial organizations and bodies
Russian Federation,Mean nominal monthly earnings of employees by sex and economic activity,ES - Establishments sample Survey on employees' wages by Occupation,Sex: Total,Economic activity (Aggregate): Total,Currency: U.S. dollars,2019,690.93,,Currency: RUS - Russian ruble (RUB) | Working time arrangement coverage: Full-time and part time workers,"Data reference period: October | Geographical coverage: Total national, excluding some areas"
Saudi Arabia,Mean nominal monthly earnings of employees by sex and economic activity,LFS - Labour Force Survey,Sex: Total,Economic activity (Aggregate): Total,Currency: U.S. dollars,2020,1750.35,,Currency: SAU - Saudi riyal (SAR) | Job coverage: Main job currently held | Working time arrangement coverage: Full-time workers,Employment definition: Excluding own-use production workers | Data reference period: Third quarter
Senegal,Mean nominal monthly earnings of employees by sex and economic activity,LFS - Enquête Nationale sur l'Emploi,Sex: Total,Economic activity (Aggregate): Total,Currency: U.S. dollars,2019,0.47,,Currency: SEN - West African CFA franc (XOF),Repository: ILO-STATISTICS - Micro data processing
Singapore,Mean nominal monthly earnings of employees by sex and economic activity,LFS - Labour Force Survey,Sex: Total,Economic activity (Aggregate): Total,Currency: U.S. dollars,2020,3286.12,,Currency: SGP - Singapore dollar (SGD) | Central tendency measure: Median | Job coverage: Main job currently held | Working time arrangement coverage: Full-time workers,"Data reference period: June | Population coverage: Nationals, residents"
Sierra Leone,Mean nominal monthly earnings of employees by sex and economic activity,HS - Integrated Household Survey,Sex: Total,Economic activity (Aggregate): Total,Currency: U.S. dollars,2018,1.15,,Currency: SLE - Leone (SLL),Repository: ILO-STATISTICS - Micro data processing
El Salvador,Mean nominal monthly earnings of employees by sex and economic activity,HS - Encuesta de Hogares de Propósitos Múltiples,Sex: Total,Economic activity (Aggregate): Total,Currency: U.S. dollars,2019,347.29,,Currency: SLV - United States dollar (USD),Repository: ILO-STATISTICS - Micro data processing | Age coverage - minimum age: 16 years old
San Marino,Mean nominal monthly earnings of employees by sex and economic activity,"OE - Estimates of the Office of economic planning, data processing and statistics",Sex: Total,Economic activity (Aggregate): Total,Currency: U.S. dollars,2020,2340.36,,Currency: SMR - Euro (EUR) | Working time arrangement coverage: Full-time and part time workers,Data reference period: End of the year
Serbia,Mean nominal monthly earnings of employees by sex and economic activity,ADM - Tax Administration Records,Sex: Total,Economic activity (Aggregate): Total,Currency: U.S. dollars,2020,799.85,,Currency: SRB - Serbian dinar (RSD) | Working time arrangement coverage: Full-time equivalents,"Data reference period: September | Geographical coverage: Total national, excluding some areas | Economic activity coverage: Excluding activities of households as employers and of extraterritorial organizations and bodies"
Slovakia,Mean nominal monthly earnings of employees by sex and economic activity,ES - Annual Structure of Earnings Survey,Sex: Total,Economic activity (Aggregate): Total,Currency: U.S. dollars,2019,1412.78,,Currency: SVK - Euro (EUR) | Working time arrangement coverage: Full-time and part time workers,Economic activity coverage: Excluding activities of households as employers and of extraterritorial organizations and bodies
Slovenia,Mean nominal monthly earnings of employees by sex and economic activity,ADM - Structure of Earnings Records,Sex: Total,Economic activity (Aggregate): Total,Currency: U.S. dollars,2019,2072.15,,Currency: SVN - Euro (EUR) | Job coverage: Main job currently held | Working time arrangement coverage: Full-time workers,
Sweden,Mean nominal monthly earnings of employees by sex and economic activity,ES - Salary Structure Statistics,Sex: Total,Economic activity (Aggregate): Total,Currency: U.S. dollars,2020,3919.52,,Currency: SWE - Swedish krona (SEK) | Working time arrangement coverage: Full-time equivalents,"Data reference period: September | Economic activity coverage: Excluding agriculture, public administration, and activities of households as employers and of extraterritorial organisations and bodies | Establishment size coverage: All establishments with at least 10 employees"
Seychelles,Mean nominal monthly earnings of employees by sex and economic activity,ADM-IR - Records of the Treasury Department and Seychelles Revenue Commission,Sex: Total,Economic activity (Aggregate): Total,Currency: U.S. dollars,2019,1049.84,,Currency: SYC - Seychellois rupee (SCR) | Value type: Real values | Job coverage: Main job currently held | Working time arrangement coverage: Full-time and part time workers,Data reference period: Fourth quarter
Chad,Mean nominal monthly earnings of employees by sex and economic activity,HIES - Enquête Modulaire et Intégrée sur les Conditions de Vie des Ménages,Sex: Total,Economic activity (Aggregate): Total,Currency: U.S. dollars,2018,219.16,,Currency: TCD - Central African CFA franc (XAF),Repository: ILO-STATISTICS - Micro data processing
Thailand,Mean nominal monthly earnings of employees by sex and economic activity,LFS - Labour Force Survey,Sex: Total,Economic activity (Aggregate): Total,Currency: U.S. dollars,2020,491.27,,Currency: THA - Baht (THB),Repository: ILO-STATISTICS - Micro data processing
Tajikistan,Mean nominal monthly earnings of employees by sex and economic activity,EC - Labour reports,Sex: Total,Economic activity (Aggregate): Total,Currency: U.S. dollars,2019,140.13,,Currency: TJK - Somoni (TJS) | Working time arrangement coverage: Full-time and part time workers | Working time concept: Hours actually worked,Repository: CIS-STAT
Tonga,Mean nominal monthly earnings of employees by sex and economic activity,LFS - Labour Force Survey,Sex: Total,Economic activity (Aggregate): Total,Currency: U.S. dollars,2018,688.36,,Currency: TON - Pa'anga (TOP) | Break in series: Methodology revised,Repository: ILO-STATISTICS - Micro data processing | Employment definition: Excluding own-use production workers
Turkey,Mean nominal monthly earnings of employees by sex and economic activity,ADM-IR - Social Insurance Institution reports,Sex: Total,Economic activity (Aggregate): Total,Currency: U.S. dollars,2020,706.53,,Currency: TUR - Turkish lira (TRY) | Central tendency measure: Weighted mean | Job coverage: Main job currently held | Working time arrangement coverage: Full-time workers,
Ukraine,Mean nominal monthly earnings of employees by sex and economic activity,ES - Survey of enterprises on matters pertaining to labor statistics,Sex: Total,Economic activity (Aggregate): Total,Currency: U.S. dollars,2020,429.97,,Currency: UKR - Hryvnia (UAH) | Job coverage: Main job currently held | Working time arrangement coverage: Full-time and part time workers,"Geographical coverage: Total national, excluding some areas | Economic activity coverage: Excluding activities of households as employers and of extraterritorial organizations and bodies | Establishment size coverage: All establishments with at least 10 employees"
Uruguay,Mean nominal monthly earnings of employees by sex and economic activity,LFS - Encuesta Continua de Hogares,Sex: Total,Economic activity (Aggregate): Total,Currency: U.S. dollars,2020,880.4,,Currency: URY - Uruguayan peso (UYU) | Break in series: Methodology revised,Repository: ILO-STATISTICS - Micro data processing | Employment definition: Excluding own-use production workers
United States,Mean nominal monthly earnings of employees by sex and economic activity,LFS - Current Population Survey,Sex: Total,Economic activity (Aggregate): Total,Currency: U.S. dollars,2021,4600.13,,Currency: USA - United States dollar (USD),Repository: ILO-STATISTICS - Micro data processing | Age coverage - minimum age: 16 years old
Uzbekistan,Mean nominal monthly earnings of employees by sex and economic activity,OE - Official Estimates,Sex: Total,Economic activity (Aggregate): Total,Currency: U.S. dollars,2019,263.06,,Currency: UZB - Uzbekistani som (UZS) | Working time arrangement coverage: Full-time workers,
Viet Nam,Mean nominal monthly earnings of employees by sex and economic activity,LFS - Labour Force Survey,Sex: Total,Economic activity (Aggregate): Total,Currency: U.S. dollars,2020,296.43,,Currency: VNM - Dông (VND) | Components of earnings/wages: Including overtime and/or irregular bonuses,Repository: ILO-STATISTICS - Micro data processing | Employment definition: Excluding own-use production workers
South Africa,Mean nominal monthly earnings of employees by sex and economic activity,LFS - Quarterly Labour Force Survey,Sex: Total,Economic activity (Aggregate): Total,Currency: U.S. dollars,2019,263,,Currency: ZAF - Rand (ZAR) | Central tendency measure: Median | Value type: Real values | Job coverage: Main job currently held | Working time arrangement coverage: Full-time and part time workers,Employment definition: Including subsistence workers
Zambia,Mean nominal monthly earnings of employees by sex and economic activity,LFS - Labour Force Survey,Sex: Total,Economic activity (Aggregate): Total,Currency: U.S. dollars,2019,240.92,,Currency: ZMB - Zambian kwacha (ZMW),Repository: ILO-STATISTICS - Micro data processing | Employment definition: Excluding own-use production workers
